{"train_loss": [0.7091867825616904, 0.509472042851435, 0.433373942930516, 0.3825959413429427, 0.3319898904632024], "val_loss": [0.5301073724299334, 0.5154251976964179, 0.5241987336468831, 0.5344589968745628, 0.5610435094809934], "val_accuracy": [0.7606382966041565, 0.8102836608886719, 0.8180851340293884, 0.8368794322013855, 0.8343971371650696], "val_f1": [0.7729111901383748, 0.8143910185769415, 0.8220064819450649, 0.8385321249203739, 0.837076116893271]}